{"adversary_0": [0.0, 10.0, 0.0, 0.0, 0.0, 0.0, 0.0, 0.0, 0.0, 0.0], "adversary_1": [0.0, 10.0, 0.0, 0.0, 0.0, 0.0, 0.0, 0.0, 0.0, 0.0], "adversary_2": [0.0, 10.0, 0.0, 0.0, 0.0, 0.0, 0.0, 0.0, 0.0, 0.0], "agent_0": [-0.7788301855365365, -10.0, -3.5530978110800167, 0.0, -22.79730426682972, 0.0, -28.01858493611996, 0.0, 0.0, 0.0]}