{"adversary_0": [0.0, 10.0, 0.0, 0.0, 10.0, 0.0, 0.0, 0.0, 0.0, 0.0, 0.0, 0.0, 0.0, 0.0, 0.0, 10.0, 30.0, 0.0, 0.0, 0.0, 0.0, 0.0, 0.0, 0.0, 0.0, 20.0, 0.0, 0.0, 0.0, 0.0, 20.0, 0.0, 0.0, 0.0, 10.0, 0.0, 0.0, 0.0, 10.0, 0.0, 0.0, 0.0, 10.0, 20.0, 0.0, 0.0, 0.0, 0.0, 0.0, 30.0, 0.0, 0.0, 10.0, 30.0, 0.0, 0.0, 0.0, 0.0, 30.0, 0.0, 0.0, 0.0, 0.0, 20.0, 0.0, 0.0, 0.0, 20.0, 10.0, 30.0, 0.0, 0.0, 0.0, 0.0, 0.0, 0.0, 20.0, 0.0, 0.0, 0.0, 0.0, 0.0, 0.0, 20.0, 0.0, 20.0, 0.0, 0.0, 10.0, 0.0, 0.0, 0.0, 0.0, 0.0, 0.0, 0.0, 0.0, 30.0, 0.0, 0.0], "adversary_1": [0.0, 10.0, 0.0, 0.0, 10.0, 0.0, 0.0, 0.0, 0.0, 0.0, 0.0, 0.0, 0.0, 0.0, 0.0, 10.0, 30.0, 0.0, 0.0, 0.0, 0.0, 0.0, 0.0, 0.0, 0.0, 20.0, 0.0, 0.0, 0.0, 0.0, 20.0, 0.0, 0.0, 0.0, 10.0, 0.0, 0.0, 0.0, 10.0, 0.0, 0.0, 0.0, 10.0, 20.0, 0.0, 0.0, 0.0, 0.0, 0.0, 30.0, 0.0, 0.0, 10.0, 30.0, 0.0, 0.0, 0.0, 0.0, 30.0, 0.0, 0.0, 0.0, 0.0, 20.0, 0.0, 0.0, 0.0, 20.0, 10.0, 30.0, 0.0, 0.0, 0.0, 0.0, 0.0, 0.0, 20.0, 0.0, 0.0, 0.0, 0.0, 0.0, 0.0, 20.0, 0.0, 20.0, 0.0, 0.0, 10.0, 0.0, 0.0, 0.0, 0.0, 0.0, 0.0, 0.0, 0.0, 30.0, 0.0, 0.0], "adversary_2": [0.0, 10.0, 0.0, 0.0, 10.0, 0.0, 0.0, 0.0, 0.0, 0.0, 0.0, 0.0, 0.0, 0.0, 0.0, 10.0, 30.0, 0.0, 0.0, 0.0, 0.0, 0.0, 0.0, 0.0, 0.0, 20.0, 0.0, 0.0, 0.0, 0.0, 20.0, 0.0, 0.0, 0.0, 10.0, 0.0, 0.0, 0.0, 10.0, 0.0, 0.0, 0.0, 10.0, 20.0, 0.0, 0.0, 0.0, 0.0, 0.0, 30.0, 0.0, 0.0, 10.0, 30.0, 0.0, 0.0, 0.0, 0.0, 30.0, 0.0, 0.0, 0.0, 0.0, 20.0, 0.0, 0.0, 0.0, 20.0, 10.0, 30.0, 0.0, 0.0, 0.0, 0.0, 0.0, 0.0, 20.0, 0.0, 0.0, 0.0, 0.0, 0.0, 0.0, 20.0, 0.0, 20.0, 0.0, 0.0, 10.0, 0.0, 0.0, 0.0, 0.0, 0.0, 0.0, 0.0, 0.0, 30.0, 0.0, 0.0], "agent_0": [0.0, -10.0, -66.12060549330066, -3.2625999030353148, -10.0, 0.0, -17.268947146158105, 0.0, 0.0, -4.512554692850054, -12.251120774370499, -11.125343391527023, -47.14653064594347, 0.0, 0.0, -10.0, -30.0, 0.0, 0.0, 0.0, -39.81420543886447, -6.15672631844162, -3.732248602462678, -3.089044632364325, 0.0, -20.0, -12.032969178159286, -33.995510143130936, 0.0, 0.0, -20.0, -28.34940762083844, 0.0, -43.33642071286606, -93.92941047360802, 0.0, -57.92362851326182, 0.0, -10.0, -11.932525399843218, -25.734000714519023, -6.7999609263844025, -166.11514022089918, -28.51071041131927, -51.0155731484172, -41.083406054260585, -30.939264787111707, 0.0, 0.0, -30.0, 0.0, 0.0, -10.0, -31.15047017461012, -6.0129747849824415, -15.522048914013595, 0.0, 0.0, -40.17060224582712, -19.23235601944722, 0.0, -2.921560671934323, 0.0, -20.0, 0.0, -13.630242141267612, 0.0, -31.517855012728624, -14.73691355812087, -30.0, -9.605760450801723, -16.04990267745672, -18.4173144272866, 0.0, 0.0, -0.367119753759646, -20.0, -92.44952762208136, 0.0, -19.80098507866366, -9.449250521789136, -4.944304369103115, -114.00605092091803, -44.47061816146631, -2.1916925500703655, -20.0, 0.0, -4.964220847851859, -24.857368205577785, 0.0, 0.0, 0.0, 0.0, 0.0, -48.15767267828367, -3.9057318328996464, -2.8135578639320395, -30.0, 0.0, 0.0]}